,noise,distortion,hdToTestRobustTime,hdToTestTime,avSurfDistToTestTime,myRobustHdTime,myHdTime,mymedianHdTime,olivieraTime,hdToTestRobustValue,hdToTestValue ,myRobustHdValue,myHdValue,mymeanHdValue,olivieraValue,avSurfDistToTestValue,WIDTH,HEIGHT,DEPTH,hdToTestValue,translations
0,0.0,0.0,1.618650235200039,1.6007141791999857,1.6139236025999708,0.00885742869995738,0.010001792599996406,0.011178075200041349,0.125632866,180.13636501063783,294.8762452284009,86.0,119.0,37.06114196777344,115.0,233.71094523750983,336.0,250.0,371.0,294.8762452284009,0.0
1,0.0,0.0,1.5081495487999745,1.5326297095999508,1.5648360027999844,0.008053447600013896,0.009603101599986985,0.011588688299980276,0.09408151,1.0,118.85285019720814,41.0,76.0,6.957984924316406,78.0,39.60232288099588,336.0,250.0,371.0,118.85285019720814,0.0
