,warpLossTime,warpLossValue,hdToTestRobustTime,hdToTestTime,avSurfDistToTestTime,hdToTestRobustValue,hdToTestValue,avSurfDistToTestValue,hdToTestValue ,WIDTH,HEIGHT,DEPTH,noise,distortion,translations
0,97.70376443999976,tensor(0.7891),1.663137614000334,1.7179548559997784,1.67290081200008,180.13636501063783,294.8762452284009,233.71094523750983,294.8762452284009,336,250,371,0,0,0
1,97.43123834400012,tensor(1.3827),1.5918353549996027,1.5573920549995819,1.6396353210002417,1.0,118.85285019720814,39.60232288099588,118.85285019720814,336,250,371,0,0,0
