,hdToTestRobustTime,hdToTestTime,avSurfDistToTestTime,myRobustHdTime,myHdTime,mymedianHdTime,olivieraTime,hdToTestRobustValue,hdToTestValue,myRobustHdValue,myHdValue,mymeanHdValue,olivieraValue,avSurfDistToTestValue,hdToTestValue ,sitk_average_value,sitk_hd_value,bench_sitk_time,WIDTH,HEIGHT,DEPTH,noise,distortion,translations
0,79.36283530000219,79.16700974599371,80.8013579010003,0.09337632600363577,0.10157499700289918,0.2819853340042755,1.587490349,39.293766021728516,651.3148193359375,250.0,384.0,123.73775482177734,386.0,348.5174255371094,651.3148193359375,176.4881430850542,651.3148240290559,13.706166244999622,450.0,512.0,512.0,0.0,0.0,0.0
1,105.1130958759968,105.59594294600538,105.00346198699845,0.011589257002924569,0.01471711799968034,0.01717662600276526,0.0282756,0.0,6.0,1.0,5.0,1.0003767013549805,4.0,0.3734070360660553,6.0,0.011352334153303667,6.0,15.191140232993348,450.0,512.0,512.0,0.0,0.0,1.0
2,103.64186788599909,102.43322816499858,54.63136362200021,0.010933008001302369,0.014346714997373056,0.0172149249992799,0.034106667,0.0,9.0,2.0,6.0,1.2462348937988281,6.0,1.7409579753875732,9.0,0.11449540472375244,9.0,14.249523628001043,450.0,512.0,512.0,0.0,0.0,6.0
3,72.8523050119984,75.46550841299904,63.51822262100177,0.027745271996536758,0.029246838996186852,0.033034772000974044,0.046305162,0.0,12.0,2.0,9.0,1.286805272102356,9.0,3.0907392501831055,12.0,0.3057121199557649,12.0,13.72532118500385,450.0,512.0,512.0,0.0,0.0,11.0
4,63.08596641499753,64.00455023099494,61.66864859800262,0.016398868996475358,0.02216693299851613,0.02729713499866193,0.048131996,0.0,16.0,2.0,9.0,1.289259910583496,9.0,4.461721897125244,16.0,0.5925719439611927,16.0,15.543424550000054,450.0,512.0,512.0,0.0,0.0,16.0
5,65.72874898699956,83.42351458699704,75.91286508199846,0.02322144200297771,0.030073453999648336,0.062289148998388555,0.047627208,0.0,21.0,2.0,9.0,1.278574824333191,9.0,5.810915470123291,21.0,0.9712818567215555,21.0,14.093324218003545,450.0,512.0,512.0,0.0,0.0,21.0
6,77.65736022099736,78.44860258399422,78.86668441499933,0.022177033002662938,0.026272366994817276,0.042380008002510294,0.048462495,0.0,26.0,2.0,9.0,1.2607918977737427,9.0,7.120418071746826,26.0,1.4347900875379231,26.0,15.05244159400172,450.0,512.0,512.0,0.0,0.0,26.0
