,warpLossTime,warpLossValue,hdToTestRobustTime,hdToTestTime,avSurfDistToTestTime,hdToTestRobustValue,hdToTestValue,avSurfDistToTestValue,hdToTestValue ,WIDTH,HEIGHT,DEPTH,noise,distortion,translations
0,18.78549424099947,38.7104212510878,3.6908781100009946,3.69352612900002,3.70133173800059,1.4142135623730951,134.94072772888103,29.118995301492095,134.94072772888103,361.0,328.0,237.0,0.0,0.0,0.0
1,8.909247655999934,74.7153830976583,2.6565758930009906,2.6486022060016694,2.6537276380004187,3.7416573867739413,151.09268678529745,73.82907121567885,151.09268678529745,361.0,328.0,237.0,0.0,0.0,0.0
2,13.348625783999523,74.97151818513402,4.650828677000391,4.623309530999904,4.646911469999395,4.0,154.76756766196203,73.59799744706825,154.76756766196203,361.0,328.0,237.0,0.0,0.0,0.0
3,17.92198026799997,38.7104212510878,3.620599222000237,3.602479848999792,3.585694791001515,1.4142135623730951,134.94072772888103,29.11899530149208,134.94072772888103,361.0,328.0,237.0,0.0,0.0,0.0
