,hdToTestRobustTime,hdToTestTime,avSurfDistToTestTime,myRobustHdTime,myHdTime,mymedianHdTime,olivieraTime,hdToTestRobustValue,hdToTestValue,myRobustHdValue,myHdValue,mymeanHdValue,olivieraValue,avSurfDistToTestValue,hdToTestValue ,sitk_average_value,sitk_hd_value,bench_sitk_time,WIDTH,HEIGHT,DEPTH,noise,distortion,translations
0,13.557771373999913,13.621672143000069,13.797532732000036,0.006903132000161349,0.018804843999987497,0.018996798999978637,0.06353905,0.0,5.0,1.0,13.0,1.022900104522705,13.0,0.2722104489803314,5.0,0.011696369239842914,5.0,13.169898384999897,450.0,512.0,512.0,0.0,0.0,1.0
1,18.777925182000217,18.766076584000075,18.778276218999963,0.01127204299996265,0.018632273000093846,0.019364492000022437,0.100888499,0.0,12.369317054748535,4.0,25.0,1.71461021900177,25.0,1.5187338590621948,12.369317054748535,0.1519751682475609,12.36931687685298,13.18997092199993,450.0,512.0,512.0,0.0,0.0,6.0
2,18.772062374999905,19.086402142999987,18.71731777800005,0.013523139999961131,0.021930597000164198,0.02147735400012607,0.133336643,0.0,18.973665237426758,6.0,33.0,2.21560001373291,33.0,2.8366458415985107,18.973665237426758,0.44443952689268873,18.973665961010276,13.044458486999929,450.0,512.0,512.0,0.0,0.0,11.0
