,hdToTestRobustTime,hdToTestTime,avSurfDistToTestTime,myRobustHdTime,myHdTime,mymedianHdTime,olivieraTime,hdToTestRobustValue,hdToTestValue,myRobustHdValue,myHdValue,mymeanHdValue,olivieraValue,avSurfDistToTestValue,hdToTestValue ,sitk_average_value,sitk_hd_value,bench_sitk_time,WIDTH,HEIGHT,DEPTH,noise,distortion,translations
0,79.36283530000219,79.16700974599371,80.8013579010003,0.09337632600363577,0.10157499700289918,0.2819853340042755,1.587490349,39.293766021728516,651.3148193359375,250.0,384.0,123.73775482177734,386.0,348.5174255371094,651.3148193359375,176.4881430850542,651.3148240290559,13.706166244999622,450.0,512.0,512.0,0.0,0.0,0.0
